title,rename,category,link,image,Coat_length,Exercise,Grooming,Lifespan,Sheds,Size,Size_of_garden,Size_of_home,Town_or_country,Vulnerable_native_breed
Affenpinscher,,Toy,/search/breeds-a-to-z/breeds/toy/affenpinscher/,/media/1598/affenpinscher-illustration.jpg?mode=crop&anchor=center&width=81&height=81&rnd=132143801810000000,Medium,Up to 1 hour per day,More than once a week,Over 12 years,Yes,Small,Small/ medium garden,Flat/ Apartment,Either,No
Afghan Hound,,Hound,/search/breeds-a-to-z/breeds/hound/afghan-hound/,/media/2905/afghan-hound-illustration.jpg?mode=crop&anchor=center&width=81&height=81&rnd=132140445440000000,Long,More than 2 hours per day,Every day,Over 10 years,Yes,Large,Large garden,Large house,Country,No
Airedale Terrier,,Terrier,/search/breeds-a-to-z/breeds/terrier/airedale-terrier/,/media/1517/airedale-terrier-illustration.jpg?mode=crop&anchor=center&width=81&height=81&rnd=132143775620000000,Medium,Up to 1 hour per day,Every day,Over 10 years,Yes,Medium,Large garden,Large house,Either,No
Akita,,Utility,/search/breeds-a-to-z/breeds/utility/akita/,/media/2907/akita-illustration.jpg?mode=crop&anchor=center&width=81&height=81&rnd=132143812130000000,Short,More than 2 hours per day,Once a week,Over 10 years,Yes,Large,Large garden,Large house,Either,No
Alaskan Malamute,,Working,/search/breeds-a-to-z/breeds/working/alaskan-malamute/,/media/2906/alaskan-malamute-illustration.jpg?mode=crop&anchor=center&width=81&height=81&rnd=132143872040000000,Medium,More than 2 hours per day,Every day,Over 10 years,Yes,Large,Large garden,Large house,Country,No
Anatolian Shepherd Dog,,Pastoral,/search/breeds-a-to-z/breeds/pastoral/anatolian-shepherd-dog/,/media/1910/anatolian-shepherd-dog-llustration-resized.jpg?mode=crop&anchor=center&width=81&height=81&rnd=132140470400000000,Short,More than 2 hours per day,More than once a week,Over 10 years,Yes,Large,Large garden,Large house,Country,No
Australian Cattle Dog,,Pastoral,/search/breeds-a-to-z/breeds/pastoral/australian-cattle-dog/,/media/1410/australian-cattle-dog-illustration.jpg?mode=crop&anchor=center&width=81&height=81&rnd=132140470550000000,Short,More than 2 hours per day,Once a week,Over 10 years,Yes,Medium,Small/ medium garden,Small house,Country,No
Australian Shepherd,,Pastoral,/search/breeds-a-to-z/breeds/pastoral/australian-shepherd/,/media/1413/australian-shepherd-illustration.jpg?mode=crop&anchor=center&width=81&height=81&rnd=132140470860000000,Medium,More than 2 hours per day,More than once a week,Over 10 years,Yes,Medium,Large garden,Large house,Country,No
Australian Silky Terrier,,Toy,/search/breeds-a-to-z/breeds/toy/australian-silky-terrier/,/media/1601/australian-silky-terrier-illustration.jpg?mode=crop&anchor=center&width=81&height=81&rnd=132143802110000000,Medium,Up to 30 minutes per day,Every day,Over 12 years,Yes,Small,Small/ medium garden,Flat/ Apartment,Either,No
Australian Terrier,,Terrier,/search/breeds-a-to-z/breeds/terrier/australian-terrier/,/media/1520/australian-terrier-illustration.jpg?mode=crop&anchor=center&width=81&height=81&rnd=132143778950000000,Medium,Up to 1 hour per day,More than once a week,Over 12 years,Yes,Small,Small/ medium garden,Flat/ Apartment,Either,No
Azawakh (Imp),,Hound,/search/breeds-a-to-z/breeds/hound/azawakh-imp/,/media/2908/azawakh-illustration.jpg?mode=crop&anchor=center&width=81&height=81&rnd=132140446270000000,Short,More than 2 hours per day,Once a week,Over 10 years,No,Medium,Large garden,Large house,Either,No
Barbet (Imp),,Gundog,/search/breeds-a-to-z/breeds/gundog/barbet-imp/,/media/3247/barbet-illustration.jpg?mode=crop&anchor=center&width=81&height=81&rnd=132169757290000000,Medium,Up to 1 hour per day,More than once a week,Over 10 years,No,Medium,Small/ medium garden,Small house,Country,No
Basenji,,Hound,/search/breeds-a-to-z/breeds/hound/basenji/,/media/2658/basenji-illustration.jpg?mode=crop&anchor=center&width=81&height=81&rnd=132140446720000000,Short,Up to 1 hour per day,Once a week,Over 12 years,Yes,Small,Small/ medium garden,Small house,Either,No
Basset Bleu De Gascogne (Imp),,Hound,/search/breeds-a-to-z/breeds/hound/basset-bleu-de-gascogne-imp/,/media/2909/basset-bleu-de-gascogne-illustration.jpg?mode=crop&anchor=center&width=81&height=81&rnd=132140447020000000,Short,More than 2 hours per day,Once a week,Over 10 years,Yes,Medium,Large garden,Small house,Country,No
Basset Fauve De Bretagne,,Hound,/search/breeds-a-to-z/breeds/hound/basset-fauve-de-bretagne/,/media/2916/basset-fauve-de-bretagne-illustration.jpg?mode=crop&anchor=center&width=81&height=81&rnd=132140451120000000,Medium,More than 2 hours per day,Once a week,Over 12 years,Yes,Medium,Large garden,Small house,Either,No
Basset Griffon Vendeen (Grand),,Hound,/search/breeds-a-to-z/breeds/hound/basset-griffon-vendeen-grand/,/media/2921/basset-griffon-vendeen-grand-illustration.jpg?mode=crop&anchor=center&width=81&height=81&rnd=132140453390000000,Long,More than 2 hours per day,Every day,Over 10 years,Yes,Medium,Large garden,Small house,Country,No
Basset Griffon Vendeen (Petit),,Hound,/search/breeds-a-to-z/breeds/hound/basset-griffon-vendeen-petit/,/media/2912/basset-griffon-vendeen-petit-illustration.jpg?mode=crop&anchor=center&width=81&height=81&rnd=132140453780000000,Medium,Up to 1 hour per day,More than once a week,Over 10 years,Yes,Medium,Small/ medium garden,Small house,Either,No
Basset Hound,,Hound,/search/breeds-a-to-z/breeds/hound/basset-hound/,/media/2911/basset-hound-illustration.jpg?mode=crop&anchor=center&width=81&height=81&rnd=132140454040000000,Short,Up to 1 hour per day,Once a week,Over 10 years,Yes,Medium,Small/ medium garden,Large house,Either,No
Bavarian Mountain Hound (Imp),,Hound,/search/breeds-a-to-z/breeds/hound/bavarian-mountain-hound-imp/,/media/2915/bavarian-mountain-hound-illustration.jpg?mode=crop&anchor=center&width=81&height=81&rnd=132140454290000000,Short,More than 2 hours per day,Once a week,Over 10 years,Yes,Medium,Large garden,Small house,Country,No
Beagle,,Hound,/search/breeds-a-to-z/breeds/hound/beagle/,/media/1353/beagle-illustration.jpg?mode=crop&anchor=center&width=81&height=81&rnd=132140454670000000,Short,Up to 1 hour per day,Once a week,Over 12 years,Yes,Small,Small/ medium garden,Small house,Either,No
Bearded Collie,,Pastoral,/search/breeds-a-to-z/breeds/pastoral/bearded-collie/,/media/1416/bearded-collie-illustration.jpg?mode=crop&anchor=center&width=81&height=81&rnd=132140471330000000,Long,Up to 1 hour per day,Every day,Over 12 years,Yes,Medium,Large garden,Large house,Either,Yes
Beauceron,,Pastoral,/search/breeds-a-to-z/breeds/pastoral/beauceron/,/media/1419/beauceron-illustratiaon.jpg?mode=crop&anchor=center&width=81&height=81&rnd=132140471820000000,Medium,More than 2 hours per day,More than once a week,Over 10 years,Yes,Large,Large garden,Large house,Country,No
Bedlington Terrier,,Terrier,/search/breeds-a-to-z/breeds/terrier/bedlington-terrier/,/media/1523/bedlington-terrier-illustration.jpg?mode=crop&anchor=center&width=81&height=81&rnd=132143779260000000,Medium,Up to 1 hour per day,Once a week,Over 10 years,No,Small,Small/ medium garden,Small house,Either,No
Belgian Shepherd Dog (Groenendael),,Pastoral,/search/breeds-a-to-z/breeds/pastoral/belgian-shepherd-dog-groenendael/,/media/1423/belgian-shepherd-dog-groenendael-illustration.jpg?mode=crop&anchor=center&width=81&height=81&rnd=132140472230000000,Medium,More than 2 hours per day,More than once a week,Over 10 years,Yes,Medium,Large garden,Large house,Either,No
Belgian Shepherd Dog (Laekenois),,Pastoral,/search/breeds-a-to-z/breeds/pastoral/belgian-shepherd-dog-laekenois/,/media/1425/belgian-shepherd-dog-laekenois-illustration.jpg?mode=crop&anchor=center&width=81&height=81&rnd=132140537090000000,Medium,More than 2 hours per day,More than once a week,Over 10 years,Yes,Medium,Large garden,Large house,Either,No
Belgian Shepherd Dog (Malinois),,Pastoral,/search/breeds-a-to-z/breeds/pastoral/belgian-shepherd-dog-malinois/,/media/1428/belgian-shepherd-dog-malinois-illustration.jpg?mode=crop&anchor=center&width=81&height=81&rnd=132140537620000000,Medium,More than 2 hours per day,More than once a week,Over 10 years,Yes,Medium,Large garden,Large house,Either,No
Belgian Shepherd Dog (Tervueren),,Pastoral,/search/breeds-a-to-z/breeds/pastoral/belgian-shepherd-dog-tervueren/,/media/1431/belgian-shepherd-dog-tervueren-illustration.jpg?mode=crop&anchor=center&width=81&height=81&rnd=132140538240000000,Medium,More than 2 hours per day,More than once a week,Over 10 years,Yes,Medium,Large garden,Large house,Either,No
Bergamasco (Imp),,Pastoral,/search/breeds-a-to-z/breeds/pastoral/bergamasco-imp/,/media/1434/bergamasco-illustration.jpg?mode=crop&anchor=center&width=81&height=81&rnd=132140539710000000,Long,Up to 1 hour per day,More than once a week,Over 12 years,Yes,Large,Small/ medium garden,Large house,Country,No
Bernese Mountain Dog,,Working,/search/breeds-a-to-z/breeds/working/bernese-mountain-dog/,/media/2919/bernese-mountain-dog-illustration.jpg?mode=crop&anchor=center&width=81&height=81&rnd=132143872230000000,Medium,Up to 1 hour per day,More than once a week,Under 10 years,Yes,Large,Large garden,Large house,Either,No
Bichon Frise,,Toy,/search/breeds-a-to-z/breeds/toy/bichon-frise/,/media/1604/bichon-frise-illustration.jpg?mode=crop&anchor=center&width=81&height=81&rnd=132143802390000000,Medium,Up to 30 minutes per day,Every day,Over 12 years,No,Small,Small/ medium garden,Flat/ Apartment,Either,No
Black & Tan Coonhound (Imp),,Hound,/search/breeds-a-to-z/breeds/hound/black-tan-coonhound-imp/,/media/2659/black-and-tan-coonhound.jpg?mode=crop&anchor=center&width=81&height=81&rnd=132140455020000000,Short,Up to 1 hour per day,Once a week,Over 10 years,Yes,Large,Large garden,Large house,Country,No
Bloodhound,,Hound,/search/breeds-a-to-z/breeds/hound/bloodhound/,/media/1355/bloodhound-illustration.jpg?mode=crop&anchor=center&width=81&height=81&rnd=132140455420000000,Short,More than 2 hours per day,Once a week,Under 10 years,Yes,Large,Large garden,Large house,Country,Yes
Bolognese,,Toy,/search/breeds-a-to-z/breeds/toy/bolognese/,/media/1607/bolognese-illustration.jpg?mode=crop&anchor=center&width=81&height=81&rnd=132143802720000000,Long,Up to 30 minutes per day,Every day,Over 12 years,No,Small,Small/ medium garden,Flat/ Apartment,Either,No
Border Collie,,Pastoral,/search/breeds-a-to-z/breeds/pastoral/border-collie/,/media/1435/border-collie-illustration.jpg?mode=crop&anchor=center&width=81&height=81&rnd=132140540180000000,Medium,More than 2 hours per day,More than once a week,Over 12 years,Yes,Medium,Large garden,Small house,Either,No
Border Terrier,,Terrier,/search/breeds-a-to-z/breeds/terrier/border-terrier/,/media/1526/border-terrier-illustration.jpg?mode=crop&anchor=center&width=81&height=81&rnd=132143779610000000,Short,Up to 1 hour per day,More than once a week,Over 12 years,Yes,Small,Small/ medium garden,Flat/ Apartment,Either,No
Borzoi,,Hound,/search/breeds-a-to-z/breeds/hound/borzoi/,/media/2914/borzoi-illustration.jpg?mode=crop&anchor=center&width=81&height=81&rnd=132140455760000000,Medium,Up to 1 hour per day,More than once a week,Over 10 years,Yes,Large,Large garden,Large house,Country,No
Boston Terrier,,Utility,/search/breeds-a-to-z/breeds/utility/boston-terrier/,/media/2910/boston-terrier-illustration.jpg?mode=crop&anchor=center&width=81&height=81&rnd=132143812320000000,Short,Up to 1 hour per day,Once a week,Over 10 years,Yes,Small,Small/ medium garden,Flat/ Apartment,Either,No
Bouvier Des Flandres,,Working,/search/breeds-a-to-z/breeds/working/bouvier-des-flandres/,/media/2917/bouvier-des-flandres-illustration.jpg?mode=crop&anchor=center&width=81&height=81&rnd=132143872440000000,Medium,Up to 1 hour per day,Every day,Over 10 years,No,Large,Large garden,Large house,Either,No
Boxer,,Working,/search/breeds-a-to-z/breeds/working/boxer/,/media/2918/boxer-illustration.jpg?mode=crop&anchor=center&width=81&height=81&rnd=132143872640000000,Short,More than 2 hours per day,Once a week,Over 10 years,Yes,Large,Large garden,Large house,Either,No
Bracco Italiano,,Gundog,/search/breeds-a-to-z/breeds/gundog/bracco-italiano/,/media/1052/bracco-italiano-illustration-resized.jpg?mode=crop&anchor=center&width=81&height=81&rnd=132140370510000000,Short,More than 2 hours per day,Once a week,Under 10 years,Yes,Large,Large garden,Large house,Country,No
Braque D?Auvergne (Imp),,Gundog,/search/breeds-a-to-z/breeds/gundog/braque-d-auvergne-imp/,/media/1160/braque-d-auvergne-illustration-resized.jpg?mode=crop&anchor=center&width=81&height=81&rnd=132140370620000000,Short,More than 2 hours per day,Once a week,Over 10 years,Yes,Large,Large garden,Large house,Country,No
Briard,,Pastoral,/search/breeds-a-to-z/breeds/pastoral/briard/,/media/1438/briard-illustration.jpg?mode=crop&anchor=center&width=81&height=81&rnd=132140540550000000,Long,More than 2 hours per day,Every day,Over 10 years,Yes,Large,Large garden,Large house,Either,No
Brittany,,Gundog,/search/breeds-a-to-z/breeds/gundog/brittany/,/media/1161/brittany-illustration-resized.jpg?mode=crop&anchor=center&width=81&height=81&rnd=132140423510000000,Medium,More than 2 hours per day,More than once a week,Over 10 years,Yes,Medium,Large garden,Small house,Country,No
Bull Terrier,,Terrier,/search/breeds-a-to-z/breeds/terrier/bull-terrier/,/media/1529/bull-terrier-illustration.jpg?mode=crop&anchor=center&width=81&height=81&rnd=132143782960000000,Short,Up to 1 hour per day,Once a week,Over 10 years,Yes,Medium,Small/ medium garden,Small house,Either,No
Bull Terrier (Miniature),,Terrier,/search/breeds-a-to-z/breeds/terrier/bull-terrier-miniature/,/media/1534/bull-terrier-miniature-illustration.jpg?mode=crop&anchor=center&width=81&height=81&rnd=132143783760000000,Short,Up to 1 hour per day,Once a week,Over 10 years,Yes,Small,Small/ medium garden,Small house,Either,Yes
Bulldog,,Utility,/search/breeds-a-to-z/breeds/utility/bulldog/,/media/2913/bulldog-illustration.jpg?mode=crop&anchor=center&width=81&height=81&rnd=132143812570000000,Short,Up to 1 hour per day,Once a week,Under 10 years,Yes,Medium,Small/ medium garden,Small house,Either,No
Bullmastiff,,Working,/search/breeds-a-to-z/breeds/working/bullmastiff/,/media/2920/bullmastiff-illustration.jpg?mode=crop&anchor=center&width=81&height=81&rnd=132143872890000000,Short,More than 2 hours per day,Once a week,Under 10 years,Yes,Large,Large garden,Large house,Either,No
Cairn Terrier,,Terrier,/search/breeds-a-to-z/breeds/terrier/cairn-terrier/,/media/1535/cairn-terrier-illustration.jpg?mode=crop&anchor=center&width=81&height=81&rnd=132143784020000000,Medium,Up to 1 hour per day,More than once a week,Over 10 years,Yes,Small,Small/ medium garden,Flat/ Apartment,Either,No
Canaan Dog,,Utility,/search/breeds-a-to-z/breeds/utility/canaan-dog/,/media/2925/canaan-dog-illustration.jpg?mode=crop&anchor=center&width=81&height=81&rnd=132143812840000000,Short,Up to 1 hour per day,Once a week,Over 12 years,Yes,Medium,Small/ medium garden,Large house,Either,No
Canadian Eskimo Dog,,Working,/search/breeds-a-to-z/breeds/working/canadian-eskimo-dog/,/media/2924/canadian-eskimo-dog-illustration.jpg?mode=crop&anchor=center&width=81&height=81&rnd=132143874980000000,Short,More than 2 hours per day,Once a week,Over 10 years,Yes,Medium,Large garden,Large house,Country,No
Catalan Sheepdog,,Pastoral,/search/breeds-a-to-z/breeds/pastoral/catalan-sheepdog/,/media/1441/catalan-sheepdog-illustration.jpg?mode=crop&anchor=center&width=81&height=81&rnd=132140540840000000,Medium,Up to 1 hour per day,Once a week,Over 10 years,No,Medium,Small/ medium garden,Small house,Either,No
Cavalier King Charles Spaniel,,Toy,/search/breeds-a-to-z/breeds/toy/cavalier-king-charles-spaniel/,/media/1612/cavalier-king-charles-spaniel-illustration.jpg?mode=crop&anchor=center&width=81&height=81&rnd=132143803270000000,Medium,Up to 1 hour per day,More than once a week,Over 12 years,Yes,Small,Small/ medium garden,Flat/ Apartment,Either,No
Cesky Terrier,,Terrier,/search/breeds-a-to-z/breeds/terrier/cesky-terrier/,/media/1538/cesky-terrier-illustration.jpg?mode=crop&anchor=center&width=81&height=81&rnd=132143787020000000,Medium,Up to 1 hour per day,More than once a week,Over 12 years,Yes,Small,Small/ medium garden,Small house,Either,No
Chihuahua (Long Coat),,Toy,/search/breeds-a-to-z/breeds/toy/chihuahua-long-coat/,/media/1615/chihuahua-long-coat-illustration.jpg?mode=crop&anchor=center&width=81&height=81&rnd=132143803570000000,Medium,Up to 30 minutes per day,Once a week,Over 12 years,Yes,Small,Small/ medium garden,Flat/ Apartment,Either,No
Chihuahua (Smooth Coat),,Toy,/search/breeds-a-to-z/breeds/toy/chihuahua-smooth-coat/,/media/1618/chihuahua-smooth-coat-illustration.jpg?mode=crop&anchor=center&width=81&height=81&rnd=132143803960000000,Short,Up to 30 minutes per day,Once a week,Over 12 years,Yes,Small,Small/ medium garden,Flat/ Apartment,Either,No
Chinese Crested,,Toy,/search/breeds-a-to-z/breeds/toy/chinese-crested/,/media/1619/chinese-crested-illustration.jpg?mode=crop&anchor=center&width=81&height=81&rnd=132143804090000000,Short,Up to 30 minutes per day,Once a week,Over 12 years,Yes,Small,Small/ medium garden,Flat/ Apartment,Either,No
Chow Chow,,Utility,/search/breeds-a-to-z/breeds/utility/chow-chow/,/media/1680/chow-chow-illustration.jpg?mode=crop&anchor=center&width=81&height=81&rnd=132143813130000000,Medium,Up to 1 hour per day,Every day,Under 10 years,Yes,Large,Small/ medium garden,Large house,Country,No
Cirneco Dell'Etna,,Hound,/search/breeds-a-to-z/breeds/hound/cirneco-delletna/,/media/2922/cirneco-delletna-illustration.jpg?mode=crop&anchor=center&width=81&height=81&rnd=132140456080000000,Short,Up to 1 hour per day,Once a week,Over 10 years,Yes,Medium,Small/ medium garden,Small house,Either,No
Collie (Rough),,Pastoral,/search/breeds-a-to-z/breeds/pastoral/collie-rough/,/media/1446/collie-rough-illustration.jpg?mode=crop&anchor=center&width=81&height=81&rnd=132140542230000000,Medium,Up to 1 hour per day,Every day,Over 12 years,Yes,Medium,Large garden,Small house,Either,No
Collie (Smooth),,Pastoral,/search/breeds-a-to-z/breeds/pastoral/collie-smooth/,/media/1449/collie-smooth-illustration.jpg?mode=crop&anchor=center&width=81&height=81&rnd=132140542490000000,Short,Up to 1 hour per day,Once a week,Over 10 years,Yes,Medium,Large garden,Small house,Either,Yes
Coton De Tulear,,Toy,/search/breeds-a-to-z/breeds/toy/coton-de-tulear/,/media/1622/coton-de-tulear-illustration.jpg?mode=crop&anchor=center&width=81&height=81&rnd=132143804460000000,Long,Up to 30 minutes per day,Every day,Over 12 years,No,Small,Small/ medium garden,Flat/ Apartment,Either,No
Dachshund (Long Haired),,Hound,/search/breeds-a-to-z/breeds/hound/dachshund-long-haired/,/media/2926/dachshund-long-haired-illustration.jpg?mode=crop&anchor=center&width=81&height=81&rnd=132140456450000000,Medium,Up to 1 hour per day,More than once a week,Over 12 years,Yes,Medium,Small/ medium garden,Small house,Either,No
Dachshund (Miniature Long Haired),,Hound,/search/breeds-a-to-z/breeds/hound/dachshund-miniature-long-haired/,/media/2927/dachshund-miniature-long-haired-illustration.jpg?mode=crop&anchor=center&width=81&height=81&rnd=132140456720000000,Medium,Up to 1 hour per day,More than once a week,Over 12 years,Yes,Small,Small/ medium garden,Small house,Either,No
Dachshund (Miniature Smooth Haired),,Hound,/search/breeds-a-to-z/breeds/hound/dachshund-miniature-smooth-haired/,/media/2928/dachshund-miniature-smooth-haired-illustration.jpg?mode=crop&anchor=center&width=81&height=81&rnd=132140457030000000,Short,Up to 1 hour per day,Once a week,Over 12 years,Yes,Small,Small/ medium garden,Small house,Either,No
Dachshund (Miniature Wire Haired),,Hound,/search/breeds-a-to-z/breeds/hound/dachshund-miniature-wire-haired/,/media/2929/dachshund-miniature-wire-haired-illustration.jpg?mode=crop&anchor=center&width=81&height=81&rnd=132140457370000000,Medium,Up to 1 hour per day,More than once a week,Over 12 years,Yes,Small,Small/ medium garden,Small house,Either,No
Dachshund (Smooth Haired),,Hound,/search/breeds-a-to-z/breeds/hound/dachshund-smooth-haired/,/media/2930/dachshund-smooth-haired-illustration.jpg?mode=crop&anchor=center&width=81&height=81&rnd=132140457740000000,Short,Up to 1 hour per day,Once a week,Over 12 years,Yes,Medium,Small/ medium garden,Small house,Either,No
Dachshund (Wire Haired),,Hound,/search/breeds-a-to-z/breeds/hound/dachshund-wire-haired/,/media/2933/dachshund-wire-haired-illustration.jpg?mode=crop&anchor=center&width=81&height=81&rnd=132140458030000000,Medium,Up to 1 hour per day,More than once a week,Over 12 years,Yes,Medium,Small/ medium garden,Small house,Either,No
Dalmatian,,Utility,/search/breeds-a-to-z/breeds/utility/dalmatian/,/media/2935/dalmatian-illustration.jpg?mode=crop&anchor=center&width=81&height=81&rnd=132143813400000000,Short,More than 2 hours per day,Once a week,Over 12 years,Yes,Medium,Large garden,Large house,Either,No
Dandie Dinmont Terrier,,Terrier,/search/breeds-a-to-z/breeds/terrier/dandie-dinmont-terrier/,/media/1542/dandie-dinmont-terrier-illustration.jpg?mode=crop&anchor=center&width=81&height=81&rnd=132143787450000000,Medium,Up to 1 hour per day,More than once a week,Over 12 years,No,Small,Small/ medium garden,Small house,Either,Yes
Deerhound,,Hound,/search/breeds-a-to-z/breeds/hound/deerhound/,/media/1909/deerhound-illustration.jpg?mode=crop&anchor=center&width=81&height=81&rnd=132140458360000000,Medium,More than 2 hours per day,More than once a week,Over 10 years,Yes,Large,Large garden,Large house,Country,Yes
Dobermann,,Working,/search/breeds-a-to-z/breeds/working/dobermann/,/media/2934/dobermann-illustration.jpg?mode=crop&anchor=center&width=81&height=81&rnd=132143876020000000,Short,More than 2 hours per day,Once a week,Over 10 years,Yes,Large,Large garden,Large house,Either,No
Dogue de Bordeaux,,Working,/search/breeds-a-to-z/breeds/working/dogue-de-bordeaux/,/media/1920/dogue-de-bordeaux-illustration.jpg?mode=crop&anchor=center&width=81&height=81&rnd=132143876290000000,Short,Up to 1 hour per day,Once a week,Over 10 years,Yes,Large,Large garden,Large house,Country,No
English Setter,,Gundog,/search/breeds-a-to-z/breeds/gundog/english-setter/,/media/1162/english-setter-illustration-resized.jpg?mode=crop&anchor=center&width=81&height=81&rnd=132140423940000000,Medium,More than 2 hours per day,More than once a week,Over 10 years,Yes,Large,Large garden,Large house,Either,Yes
English Toy Terrier (Black & Tan),,Toy,/search/breeds-a-to-z/breeds/toy/english-toy-terrier-black-tan/,/media/1627/english-toy-terrier-black-and-tan-illustration.jpg?mode=crop&anchor=center&width=81&height=81&rnd=132143804900000000,Short,Up to 30 minutes per day,Once a week,Over 12 years,Yes,Small,Small/ medium garden,Flat/ Apartment,Either,Yes
Entlebucher Mountain Dog (Imp),,Working,/search/breeds-a-to-z/breeds/working/entlebucher-mountain-dog-imp/,/media/2937/entlebucher-mountain-dog-illustration.jpg?mode=crop&anchor=center&width=81&height=81&rnd=132143876880000000,Short,Up to 1 hour per day,Once a week,Over 12 years,Yes,Medium,Large garden,Small house,Either,No
Estrela Mountain Dog,,Pastoral,/search/breeds-a-to-z/breeds/pastoral/estrela-mountain-dog/,/media/1450/estrela-mountain-dog-illustration.jpg?mode=crop&anchor=center&width=81&height=81&rnd=132140543280000000,Medium,Up to 1 hour per day,More than once a week,Under 10 years,Yes,Large,Large garden,Large house,Country,No
Eurasier,,Utility,/search/breeds-a-to-z/breeds/utility/eurasier/,/media/2936/eurasier-illustration.jpg?mode=crop&anchor=center&width=81&height=81&rnd=132143813710000000,Medium,Up to 1 hour per day,Once a week,Over 10 years,Yes,Medium,Small/ medium garden,Small house,Either,No
Finnish Lapphund,,Pastoral,/search/breeds-a-to-z/breeds/pastoral/finnish-lapphund/,/media/1453/finnish-lapphund-illustration.jpg?mode=crop&anchor=center&width=81&height=81&rnd=132140543620000000,Medium,Up to 1 hour per day,Every day,Over 12 years,Yes,Medium,Small/ medium garden,Small house,Either,No
Finnish Spitz,,Hound,/search/breeds-a-to-z/breeds/hound/finnish-spitz/,/media/2938/finnish-spitz-illustration.jpg?mode=crop&anchor=center&width=81&height=81&rnd=132140458660000000,Medium,Up to 1 hour per day,More than once a week,Over 10 years,Yes,Small,Small/ medium garden,Small house,Either,No
Fox Terrier (Smooth),,Terrier,/search/breeds-a-to-z/breeds/terrier/fox-terrier-smooth/,/media/1546/fox-terrier-smooth-illustration.jpg?mode=crop&anchor=center&width=81&height=81&rnd=132143789810000000,Short,Up to 1 hour per day,Once a week,Over 12 years,Yes,Small,Small/ medium garden,Small house,Either,Yes
Fox Terrier (Wire),,Terrier,/search/breeds-a-to-z/breeds/terrier/fox-terrier-wire/,/media/1549/fox-terrier-wire-illustration.jpg?mode=crop&anchor=center&width=81&height=81&rnd=132143790130000000,Medium,Up to 1 hour per day,More than once a week,Over 12 years,Yes,Small,Small/ medium garden,Small house,Either,No
Foxhound,,Hound,/search/breeds-a-to-z/breeds/hound/foxhound/,/media/2940/foxhound-illustration.jpg?mode=crop&anchor=center&width=81&height=81&rnd=132140458960000000,Short,More than 2 hours per day,Once a week,Over 12 years,Yes,Large,Large garden,Large house,Country,No
French Bulldog,,Utility,/search/breeds-a-to-z/breeds/utility/french-bulldog/,/media/2939/french-bulldog-illustration.jpg?mode=crop&anchor=center&width=81&height=81&rnd=132143848790000000,Short,Up to 1 hour per day,Once a week,Over 10 years,Yes,Small,Small/ medium garden,Flat/ Apartment,Either,No
German Longhaired Pointer,,Gundog,/search/breeds-a-to-z/breeds/gundog/german-longhaired-pointer/,/media/1163/german-longhaired-pointer-illustration-resized.jpg?mode=crop&anchor=center&width=81&height=81&rnd=132140424290000000,Medium,More than 2 hours per day,More than once a week,Over 10 years,Yes,Large,Large garden,Large house,Country,No
German Pinscher,,Working,/search/breeds-a-to-z/breeds/working/german-pinscher/,/media/2945/german-pinscher-illustration.jpg?mode=crop&anchor=center&width=81&height=81&rnd=132143878800000000,Short,Up to 1 hour per day,Once a week,Over 10 years,Yes,Medium,Small/ medium garden,Small house,Either,No
German Shepherd Dog,,Pastoral,/search/breeds-a-to-z/breeds/pastoral/german-shepherd-dog/,/media/3259/german-shepherd-dog.jpg?mode=crop&anchor=center&width=81&height=81&rnd=132186393170000000,Short & long,More than 2 hours per day,More than once a week,Over 10 years,Yes,Large,Large garden,Large house,Either,No
German Shorthaired Pointer,,Gundog,/search/breeds-a-to-z/breeds/gundog/german-shorthaired-pointer/,/media/1164/german-shorthaired-pointer-illustration-resized.jpg?mode=crop&anchor=center&width=81&height=81&rnd=132140424900000000,Short,More than 2 hours per day,Once a week,Over 10 years,Yes,Medium,Large garden,Large house,Country,No
German Spitz (Klein),,Utility,/search/breeds-a-to-z/breeds/utility/german-spitz-klein/,/media/1695/german-spitz-klein-illustration.jpg?mode=crop&anchor=center&width=81&height=81&rnd=132143853880000000,Medium,Up to 1 hour per day,Every day,Over 12 years,Yes,Small,Small/ medium garden,Flat/ Apartment,Either,No
German Spitz (Mittel),,Utility,/search/breeds-a-to-z/breeds/utility/german-spitz-mittel/,/media/2946/german-spitz-mittel-illustration.jpg?mode=crop&anchor=center&width=81&height=81&rnd=132143853980000000,Medium,Up to 1 hour per day,More than once a week,Over 12 years,Yes,Medium,Small/ medium garden,Small house,Either,No
German Wirehaired Pointer,,Gundog,/search/breeds-a-to-z/breeds/gundog/german-wirehaired-pointer/,/media/1165/german-wirehaired-pointer-illustration-resized.jpg?mode=crop&anchor=center&width=81&height=81&rnd=132140425320000000,Medium,More than 2 hours per day,More than once a week,Over 10 years,Yes,Large,Large garden,Large house,Country,No
Giant Schnauzer,,Working,/search/breeds-a-to-z/breeds/working/giant-schnauzer/,/media/2942/giant-schnauzer-illustration.jpg?mode=crop&anchor=center&width=81&height=81&rnd=132143878980000000,Medium,More than 2 hours per day,Every day,Over 12 years,No,Large,Large garden,Large house,Either,No
Glen Of Imaal Terrier,,Terrier,/search/breeds-a-to-z/breeds/terrier/glen-of-imaal-terrier/,/media/1550/glen-of-imaal-terrier-illustration.jpg?mode=crop&anchor=center&width=81&height=81&rnd=132143791900000000,Medium,Up to 1 hour per day,More than once a week,Over 10 years,No,Small,Small/ medium garden,Small house,Country,Yes
Gordon Setter,,Gundog,/search/breeds-a-to-z/breeds/gundog/gordon-setter/,/media/1166/gordon-setter-illustration-resized.jpg?mode=crop&anchor=center&width=81&height=81&rnd=132140425730000000,Medium,More than 2 hours per day,More than once a week,Over 10 years,Yes,Large,Large garden,Large house,Country,Yes
Grand Bleu De Gascogne (Imp),,Hound,/search/breeds-a-to-z/breeds/hound/grand-bleu-de-gascogne-imp/,/media/2944/grand-bleu-de-gascogne-illustration.jpg?mode=crop&anchor=center&width=81&height=81&rnd=132140459310000000,Short,More than 2 hours per day,Once a week,Under 10 years,Yes,Large,Large garden,Large house,Either,No
Great Dane,,Working,/search/breeds-a-to-z/breeds/working/great-dane/,/media/2663/great-dane.jpg?mode=crop&anchor=center&width=81&height=81&rnd=132144234850000000,Short,More than 2 hours per day,Once a week,Under 10 years,Yes,Large,Large garden,Large house,Either,No
Great Swiss Mountain Dog,,Working,/search/breeds-a-to-z/breeds/working/great-swiss-mountain-dog/,/media/2943/great-swiss-mountain-dog-illustration.jpg?mode=crop&anchor=center&width=81&height=81&rnd=132144234980000000,Short,Up to 1 hour per day,Once a week,Over 10 years,Yes,Large,Large garden,Large house,Country,No
Greenland Dog,,Working,/search/breeds-a-to-z/breeds/working/greenland-dog/,/media/2665/greenland-dog-illustration.jpg?mode=crop&anchor=center&width=81&height=81&rnd=132144235310000000,Medium,More than 2 hours per day,Once a week,Over 10 years,Yes,Large,Large garden,Large house,Country,No
Greyhound,,Hound,/search/breeds-a-to-z/breeds/hound/greyhound/,/media/2941/greyhound-illustration.jpg?mode=crop&anchor=center&width=81&height=81&rnd=132140459660000000,Short,Up to 1 hour per day,Once a week,Over 10 years,Yes,Large,Large garden,Large house,Either,No
Griffon Bruxellois,,Toy,/search/breeds-a-to-z/breeds/toy/griffon-bruxellois/,/media/1629/griffon-bruxellois-illustration.jpg?mode=crop&anchor=center&width=81&height=81&rnd=132143805320000000,Medium,Up to 30 minutes per day,More than once a week,Over 12 years,Yes,Small,Small/ medium garden,Flat/ Apartment,Either,No
Griffon Fauve De Bretagne (Imp),,Hound,/search/breeds-a-to-z/breeds/hound/griffon-fauve-de-bretagne-imp/,/media/1914/griffon-fauve-de-bretagne-illustration-resized.jpg?mode=crop&anchor=center&width=81&height=81&rnd=132140460010000000,Medium,Up to 1 hour per day,Once a week,Over 10 years,Yes,Medium,Small/ medium garden,Small house,Country,No
Hamiltonstovare,,Hound,/search/breeds-a-to-z/breeds/hound/hamiltonstovare/,/media/2947/hamiltonstovare-illustration.jpg?mode=crop&anchor=center&width=81&height=81&rnd=132140460340000000,Short,More than 2 hours per day,Once a week,Over 10 years,Yes,Medium,Large garden,Large house,Country,No
Harrier,,Hound,/search/breeds-a-to-z/breeds/hound/harrier/,/media/4486/harrier-illustration.jpg?mode=crop&anchor=center&width=81&height=81&rnd=132666648350000000,Short,More than 2 hours per day,Once a week,Over 12 years,Yes,Large,Large garden,Large house,Country,No
Havanese,,Toy,/search/breeds-a-to-z/breeds/toy/havanese/,/media/1631/havanese-illustration.jpg?mode=crop&anchor=center&width=81&height=81&rnd=132143805500000000,Long,Up to 30 minutes per day,Every day,Over 12 years,No,Small,Small/ medium garden,Flat/ Apartment,Either,No
Hovawart,,Working,/search/breeds-a-to-z/breeds/working/hovawart/,/media/2948/hovawart-illustration.jpg?mode=crop&anchor=center&width=81&height=81&rnd=132144235450000000,Medium,More than 2 hours per day,More than once a week,Over 10 years,Yes,Large,Large garden,Large house,Either,No
Hungarian Kuvasz (Imp),,Pastoral,/search/breeds-a-to-z/breeds/pastoral/hungarian-kuvasz-imp/,/media/1460/hungarian-kuvasz-illustration.jpg?mode=crop&anchor=center&width=81&height=81&rnd=132140551010000000,Medium,Up to 1 hour per day,More than once a week,Over 10 years,Yes,Large,Large garden,Large house,Country,No
Hungarian Puli,,Pastoral,/search/breeds-a-to-z/breeds/pastoral/hungarian-puli/,/media/1462/hungarian-puli-illustration.jpg?mode=crop&anchor=center&width=81&height=81&rnd=132140551520000000,Long,Up to 1 hour per day,More than once a week,Over 12 years,No,Medium,Small/ medium garden,Small house,Either,No
Hungarian Pumi,,Pastoral,/search/breeds-a-to-z/breeds/pastoral/hungarian-pumi/,/media/1465/hungarian-pumi-illustration.jpg?mode=crop&anchor=center&width=81&height=81&rnd=132140625150000000,Medium,Up to 1 hour per day,Once a week,Over 12 years,No,Small,Small/ medium garden,Small house,Either,No
Hungarian Vizsla,,Gundog,/search/breeds-a-to-z/breeds/gundog/hungarian-vizsla/,/media/1167/hungarian-vizsla-illustration-resized.jpg?mode=crop&anchor=center&width=81&height=81&rnd=132140426620000000,Short,More than 2 hours per day,Once a week,Over 12 years,Yes,Medium,Large garden,Large house,Either,No
Hungarian Wire Haired Vizsla,,Gundog,/search/breeds-a-to-z/breeds/gundog/hungarian-wire-haired-vizsla/,/media/1168/hungarian-wire-haired-vizsla-illustration-resized.jpg?mode=crop&anchor=center&width=81&height=81&rnd=132140426990000000,Medium,More than 2 hours per day,More than once a week,Over 10 years,Yes,Medium,Large garden,Large house,Either,No
Ibizan Hound,,Hound,/search/breeds-a-to-z/breeds/hound/ibizan-hound/,/media/2949/ibizan-hound-illustration.jpg?mode=crop&anchor=center&width=81&height=81&rnd=132140460940000000,Short,More than 2 hours per day,Once a week,Over 10 years,Yes,Medium,Large garden,Large house,Country,No
Irish Red & White Setter,,Gundog,/search/breeds-a-to-z/breeds/gundog/irish-red-white-setter/,/media/1169/irish-red-white-setter-illustration-resized.jpg?mode=crop&anchor=center&width=81&height=81&rnd=132140427320000000,Medium,More than 2 hours per day,More than once a week,Over 10 years,Yes,Large,Large garden,Large house,Either,Yes
Irish Setter,,Gundog,/search/breeds-a-to-z/breeds/gundog/irish-setter/,/media/1170/irish-setter-illustration-resized.jpg?mode=crop&anchor=center&width=81&height=81&rnd=132140427670000000,Medium,More than 2 hours per day,More than once a week,Over 10 years,Yes,Large,Large garden,Large house,Either,No
Irish Terrier,,Terrier,/search/breeds-a-to-z/breeds/terrier/irish-terrier/,/media/1553/irish-terrier-illustration.jpg?mode=crop&anchor=center&width=81&height=81&rnd=132143796670000000,Medium,Up to 1 hour per day,More than once a week,Over 12 years,Yes,Small,Small/ medium garden,Small house,Either,No
Irish Wolfhound,,Hound,/search/breeds-a-to-z/breeds/hound/irish-wolfhound/,/media/1378/irish-wolfhound-illustration.jpg?mode=crop&anchor=center&width=81&height=81&rnd=132140461270000000,Medium,More than 2 hours per day,More than once a week,Under 10 years,Yes,Large,Large garden,Large house,Country,Yes
Italian Greyhound,,Toy,/search/breeds-a-to-z/breeds/toy/italian-greyhound/,/media/1634/italian-greyhound-illustration.jpg?mode=crop&anchor=center&width=81&height=81&rnd=132143805810000000,Short,Up to 1 hour per day,Once a week,Over 12 years,No,Small,Small/ medium garden,Small house,Either,No
Italian Spinone,,Gundog,/search/breeds-a-to-z/breeds/gundog/italian-spinone/,/media/2950/italian-spinone-illustration-resized.jpg?mode=crop&anchor=center&width=81&height=81&rnd=132140428120000000,Medium,More than 2 hours per day,More than once a week,Over 10 years,Yes,Large,Large garden,Large house,Either,No
Jack Russell Terrier,,Terrier,/search/breeds-a-to-z/breeds/terrier/jack-russell-terrier/,/media/1556/jack-russell-terrier-illustration.jpg?mode=crop&anchor=center&width=81&height=81&rnd=132143797020000000,Short,Up to 1 hour per day,Once a week,Over 10 years,Yes,Small,Small/ medium garden,Flat/ Apartment,Country,No
Japanese Akita Inu,,Utility,/search/breeds-a-to-z/breeds/utility/japanese-akita-inu/,/media/2952/japanese-akita-inu-illustration.jpg?mode=crop&anchor=center&width=81&height=81&rnd=132143855850000000,Short,More than 2 hours per day,More than once a week,Over 10 years,Yes,Large,Large garden,Large house,Either,No
Japanese Chin,,Toy,/search/breeds-a-to-z/breeds/toy/japanese-chin/,/media/1637/japanese-chin-illustration.jpg?mode=crop&anchor=center&width=81&height=81&rnd=132143806130000000,Medium,Up to 30 minutes per day,More than once a week,Over 10 years,Yes,Small,Small/ medium garden,Flat/ Apartment,Either,No
Japanese Shiba Inu,,Utility,/search/breeds-a-to-z/breeds/utility/japanese-shiba-inu/,/media/2955/japanese-shiba-inu-illustration.jpg?mode=crop&anchor=center&width=81&height=81&rnd=132143855980000000,Short,Up to 1 hour per day,Once a week,Over 10 years,Yes,Small,Small/ medium garden,Small house,Either,No
Japanese Spitz,,Utility,/search/breeds-a-to-z/breeds/utility/japanese-spitz/,/media/2951/japanese-spitz-illustration.jpg?mode=crop&anchor=center&width=81&height=81&rnd=132143856170000000,Medium,Up to 1 hour per day,Every day,Over 12 years,Yes,Small,Small/ medium garden,Small house,Either,No
Keeshond,,Utility,/search/breeds-a-to-z/breeds/utility/keeshond/,/media/1708/keeshond-illustration.jpg?mode=crop&anchor=center&width=81&height=81&rnd=132143856360000000,Medium,Up to 1 hour per day,Every day,Over 10 years,Yes,Medium,Small/ medium garden,Small house,Either,No
Kerry Blue Terrier,,Terrier,/search/breeds-a-to-z/breeds/terrier/kerry-blue-terrier/,/media/1559/kerry-blue-terrier-illustration.jpg?mode=crop&anchor=center&width=81&height=81&rnd=132143797290000000,Medium,Up to 1 hour per day,Once a week,Over 10 years,No,Medium,Small/ medium garden,Small house,Either,Yes
King Charles Spaniel,,Toy,/search/breeds-a-to-z/breeds/toy/king-charles-spaniel/,/media/1640/king-charles-spaniel-illustration.jpg?mode=crop&anchor=center&width=81&height=81&rnd=132143806550000000,Medium,Up to 30 minutes per day,More than once a week,Over 12 years,Yes,Small,Small/ medium garden,Flat/ Apartment,Either,Yes
Komondor,,Pastoral,/search/breeds-a-to-z/breeds/pastoral/komondor/,/media/1468/komondor-illustration.jpg?mode=crop&anchor=center&width=81&height=81&rnd=132140626570000000,Long,Up to 1 hour per day,More than once a week,Under 10 years,No,Large,Large garden,Large house,Country,No
Kooikerhondje,,Utility,/search/breeds-a-to-z/breeds/utility/kooikerhondje/,/media/2957/kooikerhondje-illustration.jpg?mode=crop&anchor=center&width=81&height=81&rnd=132143856680000000,Medium,Up to 1 hour per day,More than once a week,Over 12 years,Yes,Small,Small/ medium garden,Small house,Either,No
Korean Jindo (Imp),,Utility,/search/breeds-a-to-z/breeds/utility/korean-jindo-imp/,/media/2956/korean-jindo-illustration.jpg?mode=crop&anchor=center&width=81&height=81&rnd=132143856750000000,Medium,Up to 1 hour per day,More than once a week,Over 10 years,Yes,Medium,Small/ medium garden,Small house,Either,No
Korthals Griffon (Imp),,Gundog,/search/breeds-a-to-z/breeds/gundog/korthals-griffon-imp/,/media/1172/resized.jpg?mode=crop&anchor=center&width=81&height=81&rnd=132140428430000000,Medium,More than 2 hours per day,More than once a week,Over 10 years,Yes,Medium,Large garden,Large house,Country,No
Lagotto Romagnolo,,Gundog,/search/breeds-a-to-z/breeds/gundog/lagotto-romagnolo/,/media/1173/lagotto-romagnolo-illustration-resized.jpg?mode=crop&anchor=center&width=81&height=81&rnd=132140428720000000,Medium,More than 2 hours per day,More than once a week,Over 12 years,No,Small,Large garden,Small house,Country,No
Lakeland Terrier,,Terrier,/search/breeds-a-to-z/breeds/terrier/lakeland-terrier/,/media/1562/lakeland-terrier-illustration.jpg?mode=crop&anchor=center&width=81&height=81&rnd=132143797580000000,Short,Up to 1 hour per day,More than once a week,Over 12 years,No,Small,Small/ medium garden,Small house,Either,Yes
Lancashire Heeler,,Pastoral,/search/breeds-a-to-z/breeds/pastoral/lancashire-heeler/,/media/1471/lancashire-heeler-illustration.jpg?mode=crop&anchor=center&width=81&height=81&rnd=132140626900000000,Short,Up to 1 hour per day,Once a week,Over 12 years,Yes,Small,Small/ medium garden,Flat/ Apartment,Either,Yes
Large Munsterlander,,Gundog,/search/breeds-a-to-z/breeds/gundog/large-munsterlander/,/media/1174/large-munsterlander-illustration-resized.jpg?mode=crop&anchor=center&width=81&height=81&rnd=132140429020000000,Medium,More than 2 hours per day,More than once a week,Over 10 years,Yes,Large,Large garden,Large house,Either,No
Leonberger,,Working,/search/breeds-a-to-z/breeds/working/leonberger/,/media/2958/leonberger-illustration.jpg?mode=crop&anchor=center&width=81&height=81&rnd=132144236490000000,Medium,More than 2 hours per day,Once a week,Under 10 years,Yes,Large,Large garden,Large house,Country,No
Lhasa Apso,,Utility,/search/breeds-a-to-z/breeds/utility/lhasa-apso/,/media/2959/lhasa-apso-illustration.jpg?mode=crop&anchor=center&width=81&height=81&rnd=132143857660000000,Long,Up to 1 hour per day,Every day,Over 12 years,No,Small,Small/ medium garden,Flat/ Apartment,Either,No
Lowchen (Little Lion Dog),,Toy,/search/breeds-a-to-z/breeds/toy/lowchen-little-lion-dog/,/media/1645/lowchen-little-lion-dog-illustration.jpg?mode=crop&anchor=center&width=81&height=81&rnd=132143807670000000,Medium,Up to 1 hour per day,More than once a week,Over 12 years,Yes,Small,Small/ medium garden,Flat/ Apartment,Either,No
Maltese,,Toy,/search/breeds-a-to-z/breeds/toy/maltese/,/media/1646/maltese-illustration.jpg?mode=crop&anchor=center&width=81&height=81&rnd=132143807800000000,Long,Up to 30 minutes per day,Every day,Over 12 years,No,Small,Small/ medium garden,Flat/ Apartment,Either,No
Manchester Terrier,,Terrier,/search/breeds-a-to-z/breeds/terrier/manchester-terrier/,/media/1565/manchester-terrier-illustration.jpg?mode=crop&anchor=center&width=81&height=81&rnd=132143797930000000,Short,Up to 1 hour per day,Once a week,Over 12 years,Yes,Small,Small/ medium garden,Small house,Either,Yes
Maremma Sheepdog,,Pastoral,/search/breeds-a-to-z/breeds/pastoral/maremma-sheepdog/,/media/1911/maremma-sheepdog-illustration-resized.jpg?mode=crop&anchor=center&width=81&height=81&rnd=132140629200000000,Medium,More than 2 hours per day,More than once a week,Over 10 years,Yes,Large,Large garden,Large house,Country,No
Mastiff,,Working,/search/breeds-a-to-z/breeds/working/mastiff/,/media/1803/masttiff-illustration.jpg?mode=crop&anchor=center&width=81&height=81&rnd=132144236750000000,Short,Up to 1 hour per day,Once a week,Under 10 years,Yes,Large,Large garden,Large house,Country,Yes
Miniature Pinscher,,Toy,/search/breeds-a-to-z/breeds/toy/miniature-pinscher/,/media/1650/miniature-pinscher-illustration.jpg?mode=crop&anchor=center&width=81&height=81&rnd=132143808170000000,Short,Up to 30 minutes per day,Once a week,Over 12 years,Yes,Small,Small/ medium garden,Flat/ Apartment,Either,No
Miniature Schnauzer,,Utility,/search/breeds-a-to-z/breeds/utility/miniature-schnauzer/,/media/2960/miniature-schnauzer-illustration.jpg?mode=crop&anchor=center&width=81&height=81&rnd=132143867930000000,Medium,Up to 1 hour per day,More than once a week,Over 10 years,No,Small,Small/ medium garden,Flat/ Apartment,Either,No
Neapolitan Mastiff,,Working,/search/breeds-a-to-z/breeds/working/neapolitan-mastiff/,/media/2964/neopolitan-mastiff-illustration.jpg?mode=crop&anchor=center&width=81&height=81&rnd=132144236930000000,Short,Up to 1 hour per day,Once a week,Under 10 years,Yes,Large,Large garden,Large house,Country,No
Newfoundland,,Working,/search/breeds-a-to-z/breeds/working/newfoundland/,/media/1921/newfoundland-illustration.jpg?mode=crop&anchor=center&width=81&height=81&rnd=132144237070000000,Medium,Up to 1 hour per day,Every day,Under 10 years,Yes,Large,Large garden,Large house,Country,No
Norfolk Terrier,,Terrier,/search/breeds-a-to-z/breeds/terrier/norfolk-terrier/,/media/1568/norfolk-terrier-illustration.jpg?mode=crop&anchor=center&width=81&height=81&rnd=132143798260000000,Medium,Up to 1 hour per day,More than once a week,Over 10 years,Yes,Small,Small/ medium garden,Flat/ Apartment,Either,No
Norwegian Buhund,,Pastoral,/search/breeds-a-to-z/breeds/pastoral/norwegian-buhund/,/media/1476/norwegian-buhund-illustration.jpg?mode=crop&anchor=center&width=81&height=81&rnd=132140629310000000,Short,Up to 1 hour per day,More than once a week,Over 12 years,Yes,Medium,Small/ medium garden,Small house,Either,No
Norwegian Elkhound,,Hound,/search/breeds-a-to-z/breeds/hound/norwegian-elkhound/,/media/2961/norwegian-elkhound-illustration.jpg?mode=crop&anchor=center&width=81&height=81&rnd=132140461560000000,Medium,Up to 1 hour per day,More than once a week,Over 10 years,Yes,Medium,Large garden,Large house,Either,No
Norwich Terrier,,Terrier,/search/breeds-a-to-z/breeds/terrier/norwich-terrier/,/media/1571/norwich-terrier-illustration.jpg?mode=crop&anchor=center&width=81&height=81&rnd=132143798610000000,Medium,Up to 1 hour per day,More than once a week,Over 10 years,Yes,Small,Small/ medium garden,Flat/ Apartment,Either,Yes
Old English Sheepdog,,Pastoral,/search/breeds-a-to-z/breeds/pastoral/old-english-sheepdog/,/media/1912/old-english-sheepdog-illustration-rsized.jpg?mode=crop&anchor=center&width=81&height=81&rnd=132140629820000000,Long,More than 2 hours per day,Every day,Over 10 years,Yes,Large,Large garden,Large house,Either,Yes
Otterhound,,Hound,/search/breeds-a-to-z/breeds/hound/otterhound/,/media/1384/otterhound-illustration.jpg?mode=crop&anchor=center&width=81&height=81&rnd=132140461920000000,Medium,More than 2 hours per day,More than once a week,Over 10 years,Yes,Large,Large garden,Large house,Country,Yes
Papillon,,Toy,/search/breeds-a-to-z/breeds/toy/papillon/,/media/1652/papillon-illustration.jpg?mode=crop&anchor=center&width=81&height=81&rnd=132143808390000000,Medium,Up to 30 minutes per day,More than once a week,Over 12 years,Yes,Small,No garden,Flat/ Apartment,Either,No
Parson Russell Terrier,,Terrier,/search/breeds-a-to-z/breeds/terrier/parson-russell-terrier/,/media/1574/parson-russell-terrier-illustration.jpg?mode=crop&anchor=center&width=81&height=81&rnd=132143799320000000,Short,Up to 1 hour per day,Once a week,Over 12 years,Yes,Small,Small/ medium garden,Small house,Either,No
Pekingese,,Toy,/search/breeds-a-to-z/breeds/toy/pekingese/,/media/1656/pekingese-illustration.jpg?mode=crop&anchor=center&width=81&height=81&rnd=132143810270000000,Long,Up to 30 minutes per day,Every day,Over 12 years,Yes,Small,Small/ medium garden,Flat/ Apartment,Either,No
Pharaoh Hound,,Hound,/search/breeds-a-to-z/breeds/hound/pharaoh-hound/,/media/2965/pharaoh-hound-illustration.jpg?mode=crop&anchor=center&width=81&height=81&rnd=132140462330000000,Short,More than 2 hours per day,Once a week,Over 10 years,Yes,Medium,Large garden,Large house,Country,No
Picardy Sheepdog (Imp),,Pastoral,/search/breeds-a-to-z/breeds/pastoral/picardy-sheepdog-imp/,/media/1483/picardy-sheepdog-illustration.jpg?mode=crop&anchor=center&width=81&height=81&rnd=132140630500000000,Medium,Up to 1 hour per day,Once a week,Over 10 years,Yes,Medium,Small/ medium garden,Small house,Country,No
Pointer,,Gundog,/search/breeds-a-to-z/breeds/gundog/pointer/,/media/1175/pointer-illustration-resize.jpg?mode=crop&anchor=center&width=81&height=81&rnd=132140429390000000,Short,More than 2 hours per day,Once a week,Over 12 years,Yes,Medium,Large garden,Large house,Either,No
Polish Lowland Sheepdog,,Pastoral,/search/breeds-a-to-z/breeds/pastoral/polish-lowland-sheepdog/,/media/1486/polish-lowland-sheepdog-illustration.jpg?mode=crop&anchor=center&width=81&height=81&rnd=132140631420000000,Long,More than 2 hours per day,Every day,Over 10 years,Yes,Medium,Large garden,Small house,Either,No
Pomeranian,,Toy,/search/breeds-a-to-z/breeds/toy/pomeranian/,/media/1658/pomeranian-illustration.jpg?mode=crop&anchor=center&width=81&height=81&rnd=132143810450000000,Medium,Up to 30 minutes per day,More than once a week,Over 12 years,Yes,Small,Small/ medium garden,Flat/ Apartment,Either,No
Poodle (Miniature),,Utility,/search/breeds-a-to-z/breeds/utility/poodle-miniature/,/media/2969/poodle-miniature-illustration.jpg?mode=crop&anchor=center&width=81&height=81&rnd=132143868850000000,Medium,Up to 1 hour per day,Every day,Over 12 years,No,Small,Small/ medium garden,Small house,Either,No
Poodle (Standard),,Utility,/search/breeds-a-to-z/breeds/utility/poodle-standard/,/media/2971/poodle-standard-illustration.jpg?mode=crop&anchor=center&width=81&height=81&rnd=132143869060000000,Medium,Up to 1 hour per day,Every day,Over 12 years,No,Medium,Large garden,Large house,Either,No
Poodle (Toy),,Utility,/search/breeds-a-to-z/breeds/utility/poodle-toy/,/media/1729/poodle-toy-illustration.jpg?mode=crop&anchor=center&width=81&height=81&rnd=132143869130000000,Medium,Up to 1 hour per day,Every day,Over 12 years,No,Small,Small/ medium garden,Flat/ Apartment,Either,No
Portuguese Podengo,,Hound,/search/breeds-a-to-z/breeds/hound/portuguese-podengo/,/media/2966/portuguese-podengo-illustration.jpg?mode=crop&anchor=center&width=81&height=81&rnd=132140465450000000,Short,Up to 30 minutes per day,Once a week,Over 10 years,Yes,Small,Small/ medium garden,Small house,Either,No
Portuguese Pointer (Imp),,Gundog,/search/breeds-a-to-z/breeds/gundog/portuguese-pointer-imp/,/media/1176/portuguese-pointer-illustration-resized.jpg?mode=crop&anchor=center&width=81&height=81&rnd=132140429780000000,Short,Up to 1 hour per day,Once a week,Over 10 years,Yes,Medium,Large garden,Large house,Either,No
Portuguese Water Dog,,Working,/search/breeds-a-to-z/breeds/working/portuguese-water-dog/,/media/2970/portuguese-water-dog-illustration.jpg?mode=crop&anchor=center&width=81&height=81&rnd=132144237300000000,Medium,Up to 1 hour per day,Every day,Over 10 years,No,Medium,Small/ medium garden,Large house,Either,No
Pug,,Toy,/search/breeds-a-to-z/breeds/toy/pug/,/media/1661/pug-illustration.jpg?mode=crop&anchor=center&width=81&height=81&rnd=132143810750000000,Short,Up to 1 hour per day,Once a week,Over 10 years,Yes,Small,Small/ medium garden,Flat/ Apartment,Either,No
Pyrenean Mastiff (Imp),,Working,/search/breeds-a-to-z/breeds/working/pyrenean-mastiff-imp/,/media/2967/pyrenean-mastiff-illustration.jpg?mode=crop&anchor=center&width=81&height=81&rnd=132144237430000000,Medium,Up to 1 hour per day,Every day,Under 10 years,Yes,Large,Large garden,Large house,Either,No
Pyrenean Mountain Dog,,Pastoral,/search/breeds-a-to-z/breeds/pastoral/pyrenean-mountain-dog/,/media/1489/pyrenean-mountain-dog-illustration.jpg?mode=crop&anchor=center&width=81&height=81&rnd=132140633340000000,Medium,Up to 1 hour per day,More than once a week,Under 10 years,Yes,Large,Large garden,Large house,Either,No
Pyrenean Sheepdog (Long Haired),,Pastoral,/search/breeds-a-to-z/breeds/pastoral/pyrenean-sheepdog-long-haired/,/media/1494/pyrenean-sheepdog-long-haired-illustration.jpg?mode=crop&anchor=center&width=81&height=81&rnd=132140637820000000,Medium,Up to 1 hour per day,More than once a week,Under 10 years,Yes,Medium,Small/ medium garden,Small house,Either,No
Pyrenean Sheepdog (Smooth Faced) (Imp),,Pastoral,/search/breeds-a-to-z/breeds/pastoral/pyrenean-sheepdog-smooth-faced-imp/,/media/4441/pyrenean-sheepdog-smooth-faced-illustration.jpg?mode=crop&anchor=center&width=81&height=81&rnd=132617360790000000,Medium,Up to 1 hour per day,More than once a week,Under 10 years,Yes,Medium,Small/ medium garden,Small house,Either,No
Retriever (Chesapeake Bay),,Gundog,/search/breeds-a-to-z/breeds/gundog/retriever-chesapeake-bay/,/media/1177/retriever-chesapeake-bay-illustration-resized.jpg?mode=crop&anchor=center&width=81&height=81&rnd=132140430310000000,Short,More than 2 hours per day,Once a week,Over 10 years,Yes,Large,Large garden,Large house,Country,No
Retriever (Curly Coated),,Gundog,/search/breeds-a-to-z/breeds/gundog/retriever-curly-coated/,/media/1178/retriever-curly-coated-illustration-resized.jpg?mode=crop&anchor=center&width=81&height=81&rnd=132140430790000000,Medium,More than 2 hours per day,More than once a week,Over 10 years,Yes,Large,Large garden,Large house,Either,Yes
Retriever (Flat Coated),,Gundog,/search/breeds-a-to-z/breeds/gundog/retriever-flat-coated/,/media/1183/retriever-flat-coated-illustration-resized.jpg?mode=crop&anchor=center&width=81&height=81&rnd=132140431160000000,Medium,More than 2 hours per day,More than once a week,Under 10 years,Yes,Large,Large garden,Large house,Either,No
Retriever (Golden),Golden Retriever,Gundog,/search/breeds-a-to-z/breeds/gundog/retriever-golden/,/media/1184/retriever-golden-illustration-resized.jpg?mode=crop&anchor=center&width=81&height=81&rnd=132140431570000000,Medium,More than 2 hours per day,More than once a week,Over 10 years,Yes,Large,Large garden,Large house,Either,No
Retriever (Labrador),Labrador,Gundog,/search/breeds-a-to-z/breeds/gundog/retriever-labrador/,/media/1185/retriever-labrador-illustration-resized.jpg?mode=crop&anchor=center&width=81&height=81&rnd=132140433580000000,Short,More than 2 hours per day,Once a week,Over 10 years,Yes,Large,Large garden,Large house,Either,No
Retriever (Nova Scotia Duck Tolling),,Gundog,/search/breeds-a-to-z/breeds/gundog/retriever-nova-scotia-duck-tolling/,/media/1186/retriever-nova-scotia-duck-tolling-illustration-resized.jpg?mode=crop&anchor=center&width=81&height=81&rnd=132140433950000000,Medium,Up to 1 hour per day,More than once a week,Under 10 years,Yes,Medium,Small/ medium garden,Small house,Either,No
Rhodesian Ridgeback,,Hound,/search/breeds-a-to-z/breeds/hound/rhodesian-ridgeback/,/media/2972/rhodesian-ridgeback-illustration.jpg?mode=crop&anchor=center&width=81&height=81&rnd=132140465770000000,Short,More than 2 hours per day,Once a week,Over 10 years,Yes,Large,Large garden,Large house,Either,No
Rottweiler,,Working,/search/breeds-a-to-z/breeds/working/rottweiler/,/media/2974/rottweiler-illustration.jpg?mode=crop&anchor=center&width=81&height=81&rnd=132144238200000000,Short,More than 2 hours per day,Once a week,Under 10 years,Yes,Large,Large garden,Large house,Either,No
Russian Black Terrier,,Working,/search/breeds-a-to-z/breeds/working/russian-black-terrier/,/media/2973/russian-black-terrier-illustration.jpg?mode=crop&anchor=center&width=81&height=81&rnd=132144238380000000,Medium,More than 2 hours per day,Every day,Over 10 years,No,Large,Large garden,Large house,Either,No
Russian Toy (Imp),,Toy,/search/breeds-a-to-z/breeds/toy/russian-toy-imp/,/media/3251/russian-toy.jpg?mode=crop&anchor=center&width=81&height=81&rnd=132169926320000000,Short,Up to 1 hour per day,Every day,Over 12 years,Yes,Small,Small/ medium garden,Flat/ Apartment,Either,No
Saluki,,Hound,/search/breeds-a-to-z/breeds/hound/saluki/,/media/2979/saluki-illustration.jpg?mode=crop&anchor=center&width=81&height=81&rnd=132140466060000000,Short,More than 2 hours per day,Once a week,Over 12 years,Yes,Medium,Large garden,Large house,Country,No
Samoyed,,Pastoral,/search/breeds-a-to-z/breeds/pastoral/samoyed/,/media/1495/samoyed-illustration.jpg?mode=crop&anchor=center&width=81&height=81&rnd=132140638080000000,Medium,More than 2 hours per day,Every day,Over 10 years,Yes,Medium,Large garden,Large house,Country,No
Schipperke,,Utility,/search/breeds-a-to-z/breeds/utility/schipperke/,/media/1731/schipperke-illustration.jpg?mode=crop&anchor=center&width=81&height=81&rnd=132143869340000000,Medium,Up to 1 hour per day,More than once a week,Over 12 years,Yes,Small,Small/ medium garden,Flat/ Apartment,Either,No
Schnauzer,,Utility,/search/breeds-a-to-z/breeds/utility/schnauzer/,/media/2975/schnauzer-illustration.jpg?mode=crop&anchor=center&width=81&height=81&rnd=132143870290000000,Medium,Up to 1 hour per day,More than once a week,Over 10 years,Yes,Medium,Small/ medium garden,Small house,Either,No
Scottish Terrier,,Terrier,/search/breeds-a-to-z/breeds/terrier/scottish-terrier/,/media/1577/scottish-terrier-illustration.jpg?mode=crop&anchor=center&width=81&height=81&rnd=132143799620000000,Long,Up to 1 hour per day,Every day,Over 10 years,Yes,Small,Small/ medium garden,Small house,Either,No
Sealyham Terrier,,Terrier,/search/breeds-a-to-z/breeds/terrier/sealyham-terrier/,/media/1580/sealyham-terrier-illustration.jpg?mode=crop&anchor=center&width=81&height=81&rnd=132143799910000000,Long,Up to 1 hour per day,Every day,Over 10 years,No,Small,Small/ medium garden,Small house,Either,Yes
Shar Pei,,Utility,/search/breeds-a-to-z/breeds/utility/shar-pei/,/media/1737/shar-pei-illustration.jpg?mode=crop&anchor=center&width=81&height=81&rnd=132143870590000000,Short,Up to 1 hour per day,Once a week,Over 10 years,Yes,Medium,Small/ medium garden,Small house,Either,No
Shetland Sheepdog,,Pastoral,/search/breeds-a-to-z/breeds/pastoral/shetland-sheepdog/,/media/1498/shetland-sheepdog-illustration.jpg?mode=crop&anchor=center&width=81&height=81&rnd=132140638510000000,Medium,Up to 1 hour per day,Every day,Over 10 years,Yes,Small,Small/ medium garden,Small house,Either,No
Shih Tzu,,Utility,/search/breeds-a-to-z/breeds/utility/shih-tzu/,/media/2976/shih-tzu-illustration.jpg?mode=crop&anchor=center&width=81&height=81&rnd=132143870800000000,Long,Up to 1 hour per day,Every day,Over 10 years,No,Small,Small/ medium garden,Flat/ Apartment,Either,No
Siberian Husky,,Working,/search/breeds-a-to-z/breeds/working/siberian-husky/,/media/2666/siberian-husky-illustration.jpg?mode=crop&anchor=center&width=81&height=81&rnd=132144238560000000,Short,More than 2 hours per day,More than once a week,Over 10 years,Yes,Medium,Large garden,Large house,Country,No
Skye Terrier,,Terrier,/search/breeds-a-to-z/breeds/terrier/skye-terrier/,/media/1584/skye-terrier-illustration.jpg?mode=crop&anchor=center&width=81&height=81&rnd=132143800280000000,Long,Up to 1 hour per day,More than once a week,Over 12 years,Yes,Small,Small/ medium garden,Small house,Either,Yes
Sloughi,,Hound,/search/breeds-a-to-z/breeds/hound/sloughi/,/media/2980/sloughi-illustration.jpg?mode=crop&anchor=center&width=81&height=81&rnd=132140468410000000,Short,More than 2 hours per day,Once a week,Under 10 years,Yes,Medium,Large garden,Large house,Country,No
Slovakian Rough Haired Pointer (Imp),,Gundog,/search/breeds-a-to-z/breeds/gundog/slovakian-rough-haired-pointer-imp/,/media/1187/slovakian-rough-haired-pointer-illustration-resized.jpg?mode=crop&anchor=center&width=81&height=81&rnd=132140434680000000,Medium,Up to 1 hour per day,Once a week,Over 10 years,No,Large,Large garden,Large house,Country,No
Small Munsterlander (Imp),,Gundog,/search/breeds-a-to-z/breeds/gundog/small-munsterlander-imp/,/media/1188/small-munsterlander-illustration-resized.jpg?mode=crop&anchor=center&width=81&height=81&rnd=132140435660000000,Medium,Up to 1 hour per day,Once a week,Over 10 years,Yes,Medium,Small/ medium garden,Small house,Country,No
Soft Coated Wheaten Terrier,,Terrier,/search/breeds-a-to-z/breeds/terrier/soft-coated-wheaten-terrier/,/media/1586/soft-coated-wheaten-terrier-illustration.jpg?mode=crop&anchor=center&width=81&height=81&rnd=132143800500000000,Medium,Up to 1 hour per day,Every day,Over 12 years,No,Medium,Small/ medium garden,Small house,Either,Yes
Spaniel (American Cocker),,Gundog,/search/breeds-a-to-z/breeds/gundog/spaniel-american-cocker/,/media/1189/spaniel-american-cocker-illustration-resized.jpg?mode=crop&anchor=center&width=81&height=81&rnd=132140436000000000,Long,More than 2 hours per day,Every day,Over 10 years,Yes,Small,Large garden,Small house,Either,No
Spaniel (American Water) (Imp),,Gundog,/search/breeds-a-to-z/breeds/gundog/spaniel-american-water-imp/,/media/1190/spaniel-american-water-illustration-resized.jpg?mode=crop&anchor=center&width=81&height=81&rnd=132140436300000000,Medium,Up to 1 hour per day,Once a week,Over 10 years,No,Medium,Small/ medium garden,Small house,Either,No
Spaniel (Clumber),,Gundog,/search/breeds-a-to-z/breeds/gundog/spaniel-clumber/,/media/1191/spaniel-clumber-illustration-resized.jpg?mode=crop&anchor=center&width=81&height=81&rnd=132140436700000000,Medium,Up to 1 hour per day,More than once a week,Over 10 years,Yes,Large,Small/ medium garden,Large house,Country,Yes
Spaniel (Cocker),Cocker Spaniel,Gundog,/search/breeds-a-to-z/breeds/gundog/spaniel-cocker/,/media/1200/spaniel-cocker-illustration-resized.jpg?mode=crop&anchor=center&width=81&height=81&rnd=132140437010000000,Medium,Up to 1 hour per day,Every day,Over 10 years,Yes,Small,Small/ medium garden,Small house,Either,No
Spaniel (English Springer),Springer Spaniel,Gundog,/search/breeds-a-to-z/breeds/gundog/spaniel-english-springer/,/media/1193/spaniel-english-springer-illustration-resized.jpg?mode=crop&anchor=center&width=81&height=81&rnd=132140437350000000,Medium,More than 2 hours per day,More than once a week,Over 10 years,Yes,Medium,Large garden,Small house,Either,No
Spaniel (Field),,Gundog,/search/breeds-a-to-z/breeds/gundog/spaniel-field/,/media/1194/spaniel-field-illustration-resized.jpg?mode=crop&anchor=center&width=81&height=81&rnd=132140437650000000,Medium,More than 2 hours per day,More than once a week,Over 10 years,Yes,Medium,Large garden,Small house,Country,Yes
Spaniel (Irish Water),,Gundog,/search/breeds-a-to-z/breeds/gundog/spaniel-irish-water/,/media/1195/spaniel-irish-water-illustration-resized.jpg?mode=crop&anchor=center&width=81&height=81&rnd=132140438010000000,Medium,More than 2 hours per day,More than once a week,Over 10 years,No,Medium,Large garden,Large house,Country,Yes
Spaniel (Sussex),,Gundog,/search/breeds-a-to-z/breeds/gundog/spaniel-sussex/,/media/1196/spaniel-sussex-illustration-resized.jpg?mode=crop&anchor=center&width=81&height=81&rnd=132140440660000000,Medium,More than 2 hours per day,More than once a week,Over 10 years,Yes,Medium,Large garden,Small house,Country,Yes
Spaniel (Welsh Springer),,Gundog,/search/breeds-a-to-z/breeds/gundog/spaniel-welsh-springer/,/media/1197/spaniel-welsh-springer-illustration-resized.jpg?mode=crop&anchor=center&width=81&height=81&rnd=132140441000000000,Medium,More than 2 hours per day,More than once a week,Over 10 years,Yes,Medium,Large garden,Small house,Either,Yes
Spanish Water Dog,,Gundog,/search/breeds-a-to-z/breeds/gundog/spanish-water-dog/,/media/2667/spanish-water-dog-illustration.jpg?mode=crop&anchor=center&width=81&height=81&rnd=132140441280000000,Medium,Up to 1 hour per day,More than once a week,Over 10 years,No,Medium,Small/ medium garden,Small house,Country,No
St. Bernard,,Working,/search/breeds-a-to-z/breeds/working/st-bernard/,/media/2977/st-bernard-illustration.jpg?mode=crop&anchor=center&width=81&height=81&rnd=132144238760000000,Short,Up to 1 hour per day,More than once a week,Under 10 years,Yes,Large,Large garden,Large house,Either,No
Staffordshire Bull Terrier,Staffy,Terrier,/search/breeds-a-to-z/breeds/terrier/staffordshire-bull-terrier/,/media/1589/staffordshire-bull-terrier-illustration.jpg?mode=crop&anchor=center&width=81&height=81&rnd=132143800790000000,Short,Up to 1 hour per day,Once a week,Over 12 years,Yes,Small,Small/ medium garden,Small house,Either,No
Swedish Lapphund (Imp),,Pastoral,/search/breeds-a-to-z/breeds/pastoral/swedish-lapphund-imp/,/media/1501/swedish-lapphund-illustration.jpg?mode=crop&anchor=center&width=81&height=81&rnd=132140638960000000,Medium,Up to 1 hour per day,Once a week,Over 10 years,Yes,Medium,Small/ medium garden,Small house,Either,No
Swedish Vallhund,,Pastoral,/search/breeds-a-to-z/breeds/pastoral/swedish-vallhund/,/media/1504/swedish-vallhund-illustration.jpg?mode=crop&anchor=center&width=81&height=81&rnd=132140639260000000,Short,Up to 1 hour per day,Once a week,Over 10 years,Yes,Small,Small/ medium garden,Small house,Either,No
Tibetan Mastiff,,Working,/search/breeds-a-to-z/breeds/working/tibetan-mastiff/,/media/1923/tibetan-mastiff-illustration.jpg?mode=crop&anchor=center&width=81&height=81&rnd=132144238940000000,Medium,Up to 1 hour per day,More than once a week,Over 10 years,Yes,Large,Large garden,Large house,Either,No
Tibetan Spaniel,,Utility,/search/breeds-a-to-z/breeds/utility/tibetan-spaniel/,/media/2981/tibetan-spaniel-illustration.jpg?mode=crop&anchor=center&width=81&height=81&rnd=132143870980000000,Medium,Up to 1 hour per day,More than once a week,Over 12 years,Yes,Small,Small/ medium garden,Flat/ Apartment,Either,No
Tibetan Terrier,,Utility,/search/breeds-a-to-z/breeds/utility/tibetan-terrier/,/media/2661/tibetan-terrier-illustration.jpg?mode=crop&anchor=center&width=81&height=81&rnd=132143871170000000,Long,Up to 1 hour per day,Every day,Over 12 years,No,Small,Small/ medium garden,Small house,Either,No
Turkish Kangal Dog,,Pastoral,/search/breeds-a-to-z/breeds/pastoral/turkish-kangal-dog/,/media/1507/turkish-kangal-dog-illustration.jpg?mode=crop&anchor=center&width=81&height=81&rnd=132143773590000000,Short,More than 2 hours per day,More than once a week,Over 10 years,Yes,Large,Large garden,Large house,Country,No
Weimaraner,,Gundog,/search/breeds-a-to-z/breeds/gundog/weimaraner/,/media/1199/weimaraner-illustration-resized.jpg?mode=crop&anchor=center&width=81&height=81&rnd=132410081670000000,Short & long,More than 2 hours per day,Once a week,Over 10 years,Yes,Large,Large garden,Large house,Either,No
Welsh Corgi (Cardigan),,Pastoral,/search/breeds-a-to-z/breeds/pastoral/welsh-corgi-cardigan/,/media/1510/welsh-corgi-cardigan.jpg?mode=crop&anchor=center&width=81&height=81&rnd=132143775100000000,Short,Up to 1 hour per day,More than once a week,Over 12 years,Yes,Small,Small/ medium garden,Small house,Either,Yes
Welsh Corgi (Pembroke),,Pastoral,/search/breeds-a-to-z/breeds/pastoral/welsh-corgi-pembroke/,/media/1515/welsh-corgi-pembroke.jpg?mode=crop&anchor=center&width=81&height=81&rnd=132143775030000000,Short,Up to 1 hour per day,More than once a week,Over 12 years,Yes,Small,Small/ medium garden,Small house,Either,No
Welsh Terrier,,Terrier,/search/breeds-a-to-z/breeds/terrier/welsh-terrier/,/media/1592/welsh-terrier-illustration.jpg?mode=crop&anchor=center&width=81&height=81&rnd=132143801140000000,Medium,Up to 1 hour per day,More than once a week,Over 12 years,Yes,Small,Small/ medium garden,Small house,Either,No
West Highland White Terrier,,Terrier,/search/breeds-a-to-z/breeds/terrier/west-highland-white-terrier/,/media/1595/west-highland-white-terrier-illustration.jpg?mode=crop&anchor=center&width=81&height=81&rnd=132143801520000000,Medium,Up to 1 hour per day,More than once a week,Over 12 years,Yes,Small,Small/ medium garden,Flat/ Apartment,Either,No
Whippet,,Hound,/search/breeds-a-to-z/breeds/hound/whippet/,/media/1405/whippet-illustration.png?mode=crop&anchor=center&width=81&height=81&rnd=132404261230000000,Short,Up to 1 hour per day,Once a week,Over 12 years,Yes,Small,Small/ medium garden,Small house,Either,No
White Swiss Shepherd Dog (Imp),,Pastoral,/search/breeds-a-to-z/breeds/pastoral/white-swiss-shepherd-dog-imp/,/media/1516/white-swiss-shepherd-dog-illustration.jpg?mode=crop&anchor=center&width=81&height=81&rnd=132143775250000000,Medium & long,More than 2 hours per day,More than once a week,Over 10 years,Yes,Large,Large garden,Large house,Either,No
Xoloitzcuintle (Mex Hairless) Int (Imp),,Utility,/search/breeds-a-to-z/breeds/utility/xoloitzcuintle-mex-hairless-int-imp/,/media/2982/xoloitzcuintle-int-illustration.jpg?mode=crop&anchor=center&width=81&height=81&rnd=132143871370000000,Short,Up to 1 hour per day,Once a week,Over 10 years,No,Small,Small/ medium garden,Small house,Either,No
Xoloitzcuintle (Mex Hairless) Min (Imp),,Utility,/search/breeds-a-to-z/breeds/utility/xoloitzcuintle-mex-hairless-min-imp/,/media/2662/xoloitzcuintle-mex-hairless-min.jpg?mode=crop&anchor=center&width=81&height=81&rnd=132143871560000000,Short,Up to 1 hour per day,Once a week,Over 10 years,No,Small,Small/ medium garden,Flat/ Apartment,Either,No
Xoloitzcuintle (Mex Hairless) Std (Imp),,Utility,/search/breeds-a-to-z/breeds/utility/xoloitzcuintle-mex-hairless-std-imp/,/media/2983/xoloitzcuintle-mex-hairless-std-illustration.jpg?mode=crop&anchor=center&width=81&height=81&rnd=132143871760000000,Short,Up to 1 hour per day,Once a week,Over 10 years,No,Medium,Small/ medium garden,Small house,Either,No
Yorkshire Terrier,,Toy,/search/breeds-a-to-z/breeds/toy/yorkshire-terrier/,/media/1665/yorkshire-terrier-illustration.jpg?mode=crop&anchor=center&width=81&height=81&rnd=132143811590000000,Long,Up to 30 minutes per day,Every day,Over 12 years,No,Small,Small/ medium garden,Flat/ Apartment,Either,No
